city_ar,district_ar,property_type_ar,growth_pct,growth_source,growth_confidence,yoy_growth_last_year_pct,yoy_volatility_3y,last_year
الخبر,38/ 2,قطعة أرض-سكنى,12.85,city,medium,,,
الخبر,43/ 2,قطعة أرض-سكنى,12.85,city,medium,,,
الخبر,489/ 2,قطعة أرض-تجارى,34.31,city,medium,,,
الخبر,489/ 2,قطعة أرض-سكنى,12.85,city,medium,,,
الخبر,أخرى,قطعة أرض-تجارى,58.02,district,high,58.02,0.0,2025.0
الخبر,أخرى,قطعة أرض-سكنى,32.55,district,high,-8.45,57.98,2026.0
الخبر,اشبيليا,قطعة أرض-تجارى,34.31,city,medium,,,
الخبر,اشبيليا,قطعة أرض-سكنى,32.77,district,high,-0.99,38.07,2026.0
الخبر,الأمواج,قطعة أرض-سكنى,12.85,city,medium,,,
الخبر,الأندلس,قطعة أرض-سكنى,12.85,city,medium,,,
الخبر,الامواج,قطعة أرض-تجارى,26.11,district,high,20.0,8.64,2021.0
الخبر,الامواج,قطعة أرض-سكنى,1.1,district,high,-14.89,25.12,2026.0
الخبر,البحر,قطعة أرض-تجارى,34.31,city,medium,,,
الخبر,البحر,قطعة أرض-سكنى,197.8,district,high,197.8,0.0,2025.0
الخبر,البحيرة,قطعة أرض-تجارى,34.31,city,medium,,,
الخبر,البحيرة,قطعة أرض-سكنى,-43.41,district,high,-43.41,0.0,2022.0
الخبر,البحيره,قطعة أرض-تجارى,-9.51,district,high,47.05,79.99,2020.0
الخبر,البحيره,قطعة أرض-سكنى,-50.84,district,high,-52.19,1.91,2019.0
الخبر,البندرية,قطعة أرض-سكنى,10.57,district,high,10.57,0.0,2025.0
الخبر,التحلية,قطعة أرض-تجارى,-13.3,district,high,-13.3,0.0,2025.0
الخبر,التحلية,قطعة أرض-سكنى,-15.2,district,high,-12.74,7.76,2026.0
الخبر,التعاون,قطعة أرض-سكنى,36.17,district,high,36.17,0.0,2025.0
الخبر,الثقبة,قطعة أرض-تجارى,34.31,city,medium,,,
الخبر,الثقبة,قطعة أرض-سكنى,16.57,district,high,-6.98,32.51,2026.0
الخبر,الثنيانيه,قطعة أرض-سكنى,15.97,district,high,15.97,0.0,2020.0
الخبر,الجسر,قطعة أرض-سكنى,16.38,district,high,48.28,28.54,2025.0
الخبر,الحزام الأخضر,قطعة أرض-سكنى,12.85,city,medium,,,
الخبر,الحزام الاخضر,قطعة أرض-سكنى,-25.99,district,high,-25.99,0.0,2022.0
الخبر,الحزام الذهبي,قطعة أرض-سكنى,12.85,city,medium,,,
الخبر,الحمراء,قطعة أرض-سكنى,3.31,district,high,3.31,0.0,2026.0
الخبر,الخبر,قطعة أرض-سكنى,12.85,city,medium,,,
الخبر,الخبر الجنوبية,قطعة أرض-سكنى,35.14,district,high,108.5,69.86,2025.0
الخبر,الخبر الشمالية,قطعة أرض-سكنى,33.19,district,high,50.56,34.58,2025.0
الخبر,الخبر/ اشبيليا,قطعة أرض-تجارى,-54.8,district,high,-54.8,0.0,2026.0
الخبر,الخبر/ اشبيليا,قطعة أرض-سكنى,26.64,district,high,26.64,0.0,2026.0
الخبر,الخبر/ الأندلس,قطعة أرض-تجارى,9.34,district,high,9.34,0.0,2026.0
الخبر,الخبر/ الأندلس,قطعة أرض-سكنى,-10.39,district,high,-10.39,0.0,2026.0
الخبر,الخبر/ الامواج,قطعة أرض-تجارى,2.27,district,high,2.27,0.0,2026.0
الخبر,الخبر/ الامواج,قطعة أرض-سكنى,0.62,district,high,0.62,0.0,2026.0
الخبر,الخبر/ البحر,قطعة أرض-تجارى,34.31,city,medium,,,
الخبر,الخبر/ البحر,قطعة أرض-سكنى,12.9,district,high,12.9,0.0,2026.0
الخبر,الخبر/ البحيرة,قطعة أرض-تجارى,119.09,district,high,119.09,0.0,2026.0
الخبر,الخبر/ البحيرة,قطعة أرض-سكنى,30.16,district,high,30.16,0.0,2026.0
الخبر,الخبر/ البندرية,قطعة أرض-تجارى,34.31,city,medium,,,
الخبر,الخبر/ البندرية,قطعة أرض-سكنى,-23.05,district,high,-23.05,0.0,2026.0
الخبر,الخبر/ التحلية,قطعة أرض-تجارى,-28.71,district,high,-28.71,0.0,2026.0
الخبر,الخبر/ التحلية,قطعة أرض-سكنى,-59.58,district,high,-59.58,0.0,2026.0
الخبر,الخبر/ الثقبة,قطعة أرض-تجارى,-6.57,district,high,-6.57,0.0,2026.0
الخبر,الخبر/ الثقبة,قطعة أرض-سكنى,3.85,district,high,3.85,0.0,2026.0
الخبر,الخبر/ الجسر,قطعة أرض-تجارى,-31.69,district,high,-31.69,0.0,2026.0
الخبر,الخبر/ الجسر,قطعة أرض-سكنى,-31.4,district,high,-31.4,0.0,2026.0
الخبر,الخبر/ الجوهرة,قطعة أرض-سكنى,12.85,city,medium,,,
الخبر,الخبر/ الحزام الذهبي,قطعة أرض-سكنى,-28.2,district,high,-28.2,0.0,2026.0
الخبر,الخبر/ الحمراء,قطعة أرض-تجارى,4.72,district,high,4.72,0.0,2026.0
الخبر,الخبر/ الحمراء,قطعة أرض-سكنى,2.89,district,high,2.89,0.0,2026.0
الخبر,الخبر/ الخبر الجنوبية,قطعة أرض-تجارى,46.39,district,high,46.39,0.0,2026.0
الخبر,الخبر/ الخبر الجنوبية,قطعة أرض-سكنى,68.8,district,high,68.8,0.0,2026.0
الخبر,الخبر/ الخبر الشمالية,قطعة أرض-سكنى,-29.08,district,high,-29.08,0.0,2026.0
الخبر,الخبر/ الخبر الغربية,قطعة أرض-تجارى,-12.19,district,high,-12.19,0.0,2026.0
الخبر,الخبر/ الخبر الغربية,قطعة أرض-سكنى,12.18,district,high,12.18,0.0,2026.0
الخبر,الخبر/ الخزامى,قطعة أرض-تجارى,-9.26,district,high,-9.26,0.0,2026.0
الخبر,الخبر/ الخزامى,قطعة أرض-سكنى,-7.92,district,high,-7.92,0.0,2026.0
الخبر,الخبر/ الخور,قطعة أرض-تجارى,0.0,district,high,0.0,0.0,2026.0
الخبر,الخبر/ الخور,قطعة أرض-سكنى,29.41,district,high,29.41,0.0,2026.0
الخبر,الخبر/ الدرة,قطعة أرض-تجارى,46.09,district,high,46.09,0.0,2026.0
الخبر,الخبر/ الدرة,قطعة أرض-سكنى,113.33,district,high,113.33,0.0,2026.0
الخبر,الخبر/ الدوحة الجنوبية,قطعة أرض-تجارى,-41.29,district,high,-41.29,0.0,2026.0
الخبر,الخبر/ الدوحة الجنوبية,قطعة أرض-سكنى,-47.5,district,high,-47.5,0.0,2026.0
الخبر,الخبر/ الراكة الجنوبية,قطعة أرض-تجارى,100.62,district,high,100.62,0.0,2026.0
الخبر,الخبر/ الراكة الجنوبية,قطعة أرض-سكنى,74.38,district,high,74.38,0.0,2026.0
الخبر,الخبر/ الراكه,قطعة أرض-تجارى,43.43,district,high,43.43,0.0,2026.0
الخبر,الخبر/ الراكه,قطعة أرض-سكنى,53.08,district,high,53.08,0.0,2026.0
الخبر,الخبر/ الرجاء,قطعة أرض-تجارى,34.31,city,medium,,,
الخبر,الخبر/ الرجاء,قطعة أرض-سكنى,-1.89,district,high,-1.89,0.0,2026.0
الخبر,الخبر/ الروابى,قطعة أرض-تجارى,34.31,city,medium,,,
الخبر,الخبر/ الروابى,قطعة أرض-سكنى,12.03,district,high,12.03,0.0,2026.0
الخبر,الخبر/ الشراع,قطعة أرض-تجارى,16.05,district,high,16.05,0.0,2026.0
الخبر,الخبر/ الشراع,قطعة أرض-سكنى,-17.96,district,high,-17.96,0.0,2026.0
الخبر,الخبر/ الشفاء,قطعة أرض-تجارى,34.31,city,medium,,,
الخبر,الخبر/ الشفاء,قطعة أرض-سكنى,6.53,district,high,6.53,0.0,2026.0
الخبر,الخبر/ الصدفة,قطعة أرض-تجارى,20.83,district,high,20.83,0.0,2026.0
الخبر,الخبر/ الصدفة,قطعة أرض-سكنى,3.63,district,high,3.63,0.0,2026.0
الخبر,الخبر/ الصواري,قطعة أرض-تجارى,53.24,district,high,53.24,0.0,2026.0
الخبر,الخبر/ الصواري,قطعة أرض-سكنى,-14.35,district,high,-14.35,0.0,2026.0
الخبر,الخبر/ العقربية,قطعة أرض-تجارى,-33.29,district,high,-33.29,0.0,2026.0
الخبر,الخبر/ العقربية,قطعة أرض-سكنى,-26.4,district,high,-26.4,0.0,2026.0
الخبر,الخبر/ العقيق,قطعة أرض-تجارى,34.31,city,medium,,,
الخبر,الخبر/ العقيق,قطعة أرض-سكنى,17.8,district,high,17.8,0.0,2026.0
الخبر,الخبر/ العليا,قطعة أرض-تجارى,34.31,city,medium,,,
الخبر,الخبر/ العليا,قطعة أرض-سكنى,-36.84,district,high,-36.84,0.0,2026.0
الخبر,الخبر/ الكوثر,قطعة أرض-تجارى,33.44,district,high,33.44,0.0,2026.0
الخبر,الخبر/ الكوثر,قطعة أرض-سكنى,-22.23,district,high,-22.23,0.0,2026.0
الخبر,الخبر/ الكورنيش,قطعة أرض-تجارى,34.31,city,medium,,,
الخبر,الخبر/ الكورنيش,قطعة أرض-سكنى,-21.7,district,high,-21.7,0.0,2026.0
الخبر,الخبر/ اللؤلؤ,قطعة أرض-تجارى,34.31,city,medium,,,
الخبر,الخبر/ اللؤلؤ,قطعة أرض-سكنى,67.75,district,high,67.75,0.0,2026.0
الخبر,الخبر/ المرجان,قطعة أرض-تجارى,34.31,city,medium,,,
الخبر,الخبر/ المرجان,قطعة أرض-سكنى,-10.81,district,high,-10.81,0.0,2026.0
الخبر,الخبر/ الواحه,قطعة أرض-سكنى,12.85,city,medium,,,
الخبر,الخبر/ جنوب خط الانابيب,قطعة أرض-سكنى,1.74,district,high,1.74,0.0,2026.0
الخبر,الخبر/ جنوب غرب الانابيب,قطعة أرض-تجارى,29.84,district,high,29.84,0.0,2026.0
الخبر,الخبر/ جنوب غرب الانابيب,قطعة أرض-سكنى,-13.81,district,high,-13.81,0.0,2026.0
الخبر,الخبر/ جوهرة الدانة,قطعة أرض-تجارى,161.24,district,high,161.24,0.0,2026.0
الخبر,الخبر/ جوهرة الدانة,قطعة أرض-سكنى,22.86,district,high,22.86,0.0,2026.0
الخبر,الخبر/ شمال الخبر,قطعة أرض-سكنى,12.85,city,medium,,,
الخبر,الخبر/ صناعية الفوازية,قطعة أرض-تجارى,34.31,city,medium,,,
الخبر,الخبر/ صناعية الفوازية,قطعة أرض-سكنى,-35.44,district,high,-35.44,0.0,2026.0
الخبر,الخبر/ صناعية نتاج,قطعة أرض-سكنى,73.16,district,high,73.16,0.0,2026.0
الخبر,الخبر/ غرب الظهران,قطعة أرض-تجارى,34.31,city,medium,,,
الخبر,الخبر/ غرب الظهران,قطعة أرض-سكنى,2.83,district,high,2.83,0.0,2026.0
الخبر,الخبر/ غرب العزيزية,قطعة أرض-تجارى,218.14,district,high,218.14,0.0,2026.0
الخبر,الخبر/ غرب العزيزية,قطعة أرض-سكنى,-55.33,district,high,-55.33,0.0,2026.0
الخبر,الخبر/ قرطبة,قطعة أرض-تجارى,34.31,city,medium,,,
الخبر,الخبر/ قرطبة,قطعة أرض-سكنى,-5.01,district,high,-5.01,0.0,2026.0
الخبر,الخبر/ مدينة العمال,قطعة أرض-تجارى,34.31,city,medium,,,
الخبر,الخبر/ مدينة العمال,قطعة أرض-سكنى,15.3,district,high,15.3,0.0,2026.0
الخبر,الخبر/أخرى,قطعة أرض-تجارى,-19.45,district,high,-19.45,0.0,2026.0
الخبر,الخبر/أخرى,قطعة أرض-سكنى,-24.61,district,high,-24.61,0.0,2026.0
الخبر,الخزامى,قطعة أرض-سكنى,19.01,district,high,-4.32,26.06,2025.0
الخبر,الخور,قطعة أرض-سكنى,4.26,district,high,4.26,0.0,2026.0
الخبر,الدرة,قطعة أرض-سكنى,12.85,city,medium,,,
الخبر,الراكة الجنوبية,قطعة أرض-سكنى,-2.75,district,high,5.42,32.99,2026.0
الخبر,الراكة الشمالية,قطعة أرض-سكنى,81.49,district,high,81.49,0.0,2025.0
الخبر,الراكه,قطعة أرض-سكنى,48.09,district,high,123.01,67.32,2025.0
الخبر,الرجاء,قطعة أرض-سكنى,53.88,district,high,53.88,0.0,2022.0
الخبر,السفن,قطعة أرض-سكنى,12.85,city,medium,,,
الخبر,الشراع,قطعة أرض-تجارى,34.31,city,medium,,,
الخبر,الشراع,قطعة أرض-سكنى,-3.62,district,high,-6.87,52.41,2026.0
الخبر,الشفاء,قطعة أرض-سكنى,12.85,city,medium,,,
الخبر,الصدفة,قطعة أرض-تجارى,20.41,district,high,1.09,16.9,2023.0
الخبر,الصدفة,قطعة أرض-سكنى,6.87,district,high,-4.08,13.22,2025.0
الخبر,الصوارى,قطعة أرض-تجارى,35.12,district,high,-6.17,42.76,2023.0
الخبر,الصوارى,قطعة أرض-سكنى,13.74,district,high,4.37,9.71,2023.0
الخبر,الصواري,قطعة أرض-تجارى,34.31,city,medium,,,
الخبر,الصواري,قطعة أرض-سكنى,15.0,district,high,4.75,14.5,2026.0
الخبر,العزيزية,قطعة أرض-تجارى,23.55,district,high,5.99,34.35,2023.0
الخبر,العزيزية,قطعة أرض-سكنى,17.91,district,high,0.02,15.49,2023.0
الخبر,العزيزيه,قطعة أرض-سكنى,-0.52,district,high,23.1,38.18,2022.0
الخبر,العقربية,قطعة أرض-سكنى,28.52,district,high,51.94,34.15,2025.0
الخبر,العقيق,قطعة أرض-تجارى,34.31,city,medium,,,
الخبر,العقيق,قطعة أرض-سكنى,10.89,district,high,22.52,16.45,2022.0
الخبر,الكوثر,قطعة أرض-تجارى,27.68,district,high,36.44,12.39,2021.0
الخبر,الكوثر,قطعة أرض-سكنى,13.28,district,high,-1.5,25.91,2025.0
الخبر,الكورنيش,قطعة أرض-سكنى,-6.53,district,high,-44.7,53.97,2020.0
الخبر,اللؤلؤ,قطعة أرض-تجارى,33.17,district,high,42.12,23.77,2023.0
الخبر,اللؤلؤ,قطعة أرض-سكنى,47.62,district,high,-60.21,110.57,2025.0
الخبر,المرجان,قطعة أرض-تجارى,34.31,city,medium,,,
الخبر,المرجان,قطعة أرض-سكنى,12.85,city,medium,,,
الخبر,النورس,قطعة أرض-سكنى,12.85,city,medium,,,
الخبر,بدون,قطعة أرض-سكنى,12.85,city,medium,,,
الخبر,بدون الارشادى بالثقبة,قطعة أرض-تجارى,34.31,city,medium,,,
الخبر,بدون الارشادى بالثقبة,قطعة أرض-سكنى,-0.71,district,high,-7.16,11.25,2023.0
الخبر,بدون الارشادى بالخبر الجنوبية,قطعة أرض-سكنى,-4.96,district,high,-19.84,21.04,2022.0
الخبر,بدون الارشادى بالخبر الشمالية,قطعة أرض-سكنى,-15.55,district,high,1.57,24.21,2022.0
الخبر,بدون الارشادى بالخبر الغربية,قطعة أرض-سكنى,-52.91,district,high,-52.91,0.0,2022.0
الخبر,تلال الخبر,قطعة أرض-سكنى,12.85,city,medium,,,
الخبر,جنوب خط الانابيب,قطعة أرض-سكنى,12.85,city,medium,,,
الخبر,جنوب غرب الانابيب,قطعة أرض-تجارى,34.31,city,medium,,,
الخبر,جنوب غرب الانابيب,قطعة أرض-سكنى,61.47,district,high,5.5,79.14,2026.0
الخبر,جنوب غرب العزيزية,قطعة أرض-سكنى,12.85,city,medium,,,
الخبر,ش خ 480,قطعة أرض-سكنى,12.85,city,medium,,,
الخبر,ش خ 519,قطعة أرض-سكنى,12.85,city,medium,,,
الخبر,ش خ 596,قطعة أرض-سكنى,12.85,city,medium,,,
الخبر,ش خ 605,قطعة أرض-سكنى,12.85,city,medium,,,
الخبر,ش خ 606,قطعة أرض-سكنى,12.85,city,medium,,,
الخبر,ش خ 613,قطعة أرض-سكنى,-30.29,district,high,-30.29,0.0,2018.0
الخبر,ش خ 637,قطعة أرض-تجارى,34.31,city,medium,,,
الخبر,ش خ 637,قطعة أرض-سكنى,8.53,district,high,8.53,0.0,2020.0
الخبر,ش خ 729,قطعة أرض-سكنى,12.85,city,medium,,,
الخبر,ش خ 777,قطعة أرض-سكنى,12.85,city,medium,,,
الخبر,ش.خ 738,قطعة أرض-تجارى,34.31,city,medium,,,
الخبر,ش.خ 738,قطعة أرض-سكنى,18.91,district,high,5.48,22.6,2023.0
الخبر,شاطئ التحلية والغروب,قطعة أرض-تجارى,-34.1,district,high,-34.1,0.0,2020.0
الخبر,شاطئ التحلية والغروب,قطعة أرض-سكنى,12.85,city,medium,,,
الخبر,شاطئ التحليه والغروب,قطعة أرض-سكنى,404.3,district,high,404.3,0.0,2023.0
الخبر,عين السيح,قطعة أرض-سكنى,251.86,district,high,251.86,0.0,2023.0
الخبر,عين السيح بالعزيزية,قطعة أرض-سكنى,-1.88,district,high,-1.88,0.0,2018.0
الخبر,غرب العزيزية,قطعة أرض-تجارى,34.31,city,medium,,,
الخبر,غرب العزيزية,قطعة أرض-سكنى,12.85,city,medium,,,
الخبر,قرطبة,قطعة أرض-سكنى,-16.81,district,high,-16.81,0.0,2022.0
الدمام,1093 ش د,قطعة أرض-تجارى,7.34,city,medium,,,
الدمام,1093 ش د,قطعة أرض-سكنى,7.4,city,medium,,,
الدمام,1168/ ش د,قطعة أرض-سكنى,7.4,city,medium,,,
الدمام,337/ 1,قطعة أرض-تجارى,-3.11,district,high,7.7,54.79,2023.0
الدمام,337/ 1,قطعة أرض-سكنى,1.82,district,high,18.88,21.26,2023.0
الدمام,841ش.د,قطعة أرض-سكنى,7.4,city,medium,,,
الدمام,947/ ش.د,قطعة أرض-سكنى,7.4,city,medium,,,
الدمام,أحد,قطعة أرض-سكنى,-17.91,district,high,-17.91,0.0,2026.0
الدمام,أخرى,قطعة أرض-سكنى,163.72,district,high,163.72,0.0,2025.0
الدمام,احد,قطعة أرض-سكنى,9.22,district,high,26.65,16.17,2023.0
الدمام,الأثير,قطعة أرض-سكنى,7.4,city,medium,,,
الدمام,الأنوار,قطعة أرض-تجارى,7.34,city,medium,,,
الدمام,الإسكان الجنوبي,قطعة أرض-سكنى,2.87,district,high,2.87,0.0,2026.0
الدمام,الاتصالات,قطعة أرض-سكنى,19.51,district,high,19.51,0.0,2026.0
الدمام,الاثير,قطعة أرض-سكنى,7.4,city,medium,,,
الدمام,الاسكان,قطعة أرض-سكنى,6.6,district,high,6.6,0.0,2026.0
الدمام,الامانة,قطعة أرض-تجارى,14.69,district,high,4.36,14.61,2023.0
الدمام,الامانة,قطعة أرض-سكنى,15.4,district,high,-3.57,17.0,2023.0
الدمام,الامراء,قطعة أرض-سكنى,7.4,city,medium,,,
الدمام,البادية,قطعة أرض-سكنى,-0.28,district,high,5.12,8.58,2026.0
الدمام,البديع,قطعة أرض-سكنى,7.4,city,medium,,,
الدمام,البيضاء,قطعة أرض-سكنى,7.4,city,medium,,,
الدمام,الجامعة,قطعة أرض-سكنى,7.4,city,medium,,,
الدمام,الجامعيين,قطعة أرض-سكنى,138.66,district,high,138.66,0.0,2025.0
الدمام,الجلوية,قطعة أرض-سكنى,6.49,district,high,-2.07,7.63,2023.0
الدمام,الجوهرة,قطعة أرض-سكنى,-11.49,district,high,-11.49,0.0,2025.0
الدمام,الحسام,قطعة أرض-تجارى,7.34,city,medium,,,
الدمام,الحسام,قطعة أرض-سكنى,9.29,district,high,18.68,13.29,2025.0
الدمام,الخالدية الجنوبية,قطعة أرض-تجارى,33.76,district,high,33.76,0.0,2023.0
الدمام,الخالدية الشمالية,قطعة أرض-سكنى,-4.16,district,high,-54.76,65.56,2021.0
الدمام,الخضرية,قطعة أرض-سكنى,32.81,district,high,32.81,0.0,2021.0
الدمام,الخليج,قطعة أرض-سكنى,22.91,district,high,-8.99,94.4,2025.0
الدمام,الدمام/ 37.6كم غرب طريق أبوحدرية السريع شمال طريق الرياض الدمام السريع 120م,قطعة أرض-تجارى,7.34,city,medium,,,
الدمام,الدمام/ 37.6كم غرب طريق أبوحدرية السريع شمال طريق الرياض الدمام السريع 120م,قطعة أرض-سكنى,-1.97,district,high,-1.97,0.0,2026.0
الدمام,الدمام/ أحد,قطعة أرض-تجارى,7.34,city,medium,,,
الدمام,الدمام/ أحد,قطعة أرض-سكنى,-9.1,district,high,-9.1,0.0,2026.0
الدمام,الدمام/ الأمير محمد بن سعود,قطعة أرض-تجارى,7.34,city,medium,,,
الدمام,الدمام/ الأمير محمد بن سعود,قطعة أرض-سكنى,-15.63,district,high,-15.63,0.0,2026.0
الدمام,الدمام/ الإسكان الجنوبي,قطعة أرض-تجارى,-32.5,district,high,-32.5,0.0,2026.0
الدمام,الدمام/ الإسكان الجنوبي,قطعة أرض-سكنى,-5.9,district,high,-5.9,0.0,2026.0
الدمام,الدمام/ الاتصالات,قطعة أرض-تجارى,-40.0,district,high,-40.0,0.0,2026.0
الدمام,الدمام/ الاتصالات,قطعة أرض-سكنى,-6.0,district,high,-6.0,0.0,2026.0
الدمام,الدمام/ الاسكان,قطعة أرض-تجارى,7.34,city,medium,,,
الدمام,الدمام/ الاسكان,قطعة أرض-زراعي,0.0,default,low,,,
الدمام,الدمام/ الاسكان,قطعة أرض-سكنى,-3.4,district,high,-3.4,0.0,2026.0
الدمام,الدمام/ البادية,قطعة أرض-تجارى,7.34,city,medium,,,
الدمام,الدمام/ البادية,قطعة أرض-سكنى,34.08,district,high,34.08,0.0,2026.0
الدمام,الدمام/ البديع,قطعة أرض-تجارى,7.34,city,medium,,,
الدمام,الدمام/ البديع,قطعة أرض-زراعي,0.0,default,low,,,
الدمام,الدمام/ البديع,قطعة أرض-سكنى,36.96,district,high,36.96,0.0,2026.0
الدمام,الدمام/ الترجى بالظهران,قطعة أرض-تجارى,7.34,city,medium,,,
الدمام,الدمام/ الترجى بالظهران,قطعة أرض-سكنى,27.11,district,high,27.11,0.0,2026.0
الدمام,الدمام/ الجامعة,قطعة أرض-تجارى,7.34,city,medium,,,
الدمام,الدمام/ الجامعة,قطعة أرض-سكنى,-10.85,district,high,-10.85,0.0,2026.0
الدمام,الدمام/ الجامعيين,قطعة أرض-تجارى,7.34,city,medium,,,
الدمام,الدمام/ الجامعيين,قطعة أرض-سكنى,-28.11,district,high,-28.11,0.0,2026.0
الدمام,الدمام/ الجلوية,قطعة أرض-تجارى,7.34,city,medium,,,
الدمام,الدمام/ الجلوية,قطعة أرض-زراعي,0.0,default,low,,,
الدمام,الدمام/ الجلوية,قطعة أرض-سكنى,-1.77,district,high,-1.77,0.0,2026.0
الدمام,الدمام/ الجوهرة,قطعة أرض-تجارى,-0.0,district,high,-0.0,0.0,2026.0
الدمام,الدمام/ الجوهرة,قطعة أرض-سكنى,-16.67,district,high,-16.67,0.0,2026.0
الدمام,الدمام/ الحسام,قطعة أرض-تجارى,7.34,city,medium,,,
الدمام,الدمام/ الحسام,قطعة أرض-سكنى,-33.2,district,high,-33.2,0.0,2026.0
الدمام,الدمام/ الخالدية الشمالية,قطعة أرض-تجارى,7.34,city,medium,,,
الدمام,الدمام/ الخالدية الشمالية,قطعة أرض-سكنى,297.74,district,high,297.74,0.0,2026.0
الدمام,الدمام/ الخليج,قطعة أرض-تجارى,-50.28,district,high,-50.28,0.0,2026.0
الدمام,الدمام/ الخليج,قطعة أرض-سكنى,22.86,district,high,22.86,0.0,2026.0
الدمام,الدمام/ الدواسر,قطعة أرض-تجارى,7.34,city,medium,,,
الدمام,الدمام/ الدواسر,قطعة أرض-سكنى,109.44,district,high,109.44,0.0,2026.0
الدمام,الدمام/ الربوة,قطعة أرض-تجارى,7.34,city,medium,,,
الدمام,الدمام/ الربوة,قطعة أرض-سكنى,9.49,district,high,9.49,0.0,2026.0
الدمام,الدمام/ الروضة,قطعة أرض-تجارى,7.34,city,medium,,,
الدمام,الدمام/ الروضة,قطعة أرض-سكنى,-4.91,district,high,-4.91,0.0,2026.0
الدمام,الدمام/ الريان,قطعة أرض-تجارى,7.34,city,medium,,,
الدمام,الدمام/ الريان,قطعة أرض-سكنى,-7.81,district,high,-7.81,0.0,2026.0
الدمام,الدمام/ الزهور,قطعة أرض-تجارى,239.43,district,high,239.43,0.0,2026.0
الدمام,الدمام/ الزهور,قطعة أرض-سكنى,166.68,district,high,166.68,0.0,2026.0
الدمام,الدمام/ السلام,قطعة أرض-تجارى,7.34,city,medium,,,
الدمام,الدمام/ السلام,قطعة أرض-سكنى,-16.44,district,high,-16.44,0.0,2026.0
الدمام,الدمام/ السيف,قطعة أرض-تجارى,-9.25,district,high,-9.25,0.0,2026.0
الدمام,الدمام/ السيف,قطعة أرض-زراعي,0.0,default,low,,,
الدمام,الدمام/ السيف,قطعة أرض-سكنى,-24.23,district,high,-24.23,0.0,2026.0
الدمام,الدمام/ الشاطئ الشرقي,قطعة أرض-تجارى,-10.91,district,high,-10.91,0.0,2026.0
الدمام,الدمام/ الشاطئ الشرقي,قطعة أرض-زراعي,0.0,default,low,,,
الدمام,الدمام/ الشاطئ الشرقي,قطعة أرض-سكنى,-27.54,district,high,-27.54,0.0,2026.0
الدمام,الدمام/ الشعلة,قطعة أرض-تجارى,44.58,district,high,44.58,0.0,2026.0
الدمام,الدمام/ الشعلة,قطعة أرض-زراعي,0.0,default,low,,,
الدمام,الدمام/ الشعلة,قطعة أرض-سكنى,-24.37,district,high,-24.37,0.0,2026.0
الدمام,الدمام/ الصفا,قطعة أرض-تجارى,7.34,city,medium,,,
الدمام,الدمام/ الصفا,قطعة أرض-سكنى,10.4,district,high,10.4,0.0,2026.0
الدمام,الدمام/ الضباب,قطعة أرض-تجارى,7.34,city,medium,,,
الدمام,الدمام/ الضباب,قطعة أرض-زراعي,0.0,default,low,,,
الدمام,الدمام/ الضباب,قطعة أرض-سكنى,-5.65,district,high,-5.65,0.0,2026.0
الدمام,الدمام/ العدامة,قطعة أرض-تجارى,7.34,city,medium,,,
الدمام,الدمام/ العدامة,قطعة أرض-سكنى,-1.06,district,high,-1.06,0.0,2026.0
الدمام,الدمام/ العروبة,قطعة أرض-سكنى,11.43,district,high,11.43,0.0,2026.0
الدمام,الدمام/ العزيزية,قطعة أرض-سكنى,-2.5,district,high,-2.5,0.0,2026.0
الدمام,الدمام/ العمامرة,قطعة أرض-تجارى,7.34,city,medium,,,
الدمام,الدمام/ العمامرة,قطعة أرض-سكنى,-11.91,district,high,-11.91,0.0,2026.0
الدمام,الدمام/ العنود,قطعة أرض-تجارى,7.34,city,medium,,,
الدمام,الدمام/ العنود,قطعة أرض-سكنى,51.36,district,high,51.36,0.0,2026.0
الدمام,الدمام/ الفيحاء,قطعة أرض-تجارى,-25.55,district,high,-25.55,0.0,2026.0
الدمام,الدمام/ الفيحاء,قطعة أرض-سكنى,-5.72,district,high,-5.72,0.0,2026.0
الدمام,الدمام/ الفيصلية,قطعة أرض-تجارى,7.34,city,medium,,,
الدمام,الدمام/ الفيصلية,قطعة أرض-زراعي,0.0,default,low,,,
الدمام,الدمام/ الفيصلية,قطعة أرض-سكنى,4.17,district,high,4.17,0.0,2026.0
الدمام,الدمام/ القادسية,قطعة أرض-سكنى,-15.63,district,high,-15.63,0.0,2026.0
الدمام,الدمام/ القزاز,قطعة أرض-تجارى,7.34,city,medium,,,
الدمام,الدمام/ القزاز,قطعة أرض-سكنى,35.43,district,high,35.43,0.0,2026.0
الدمام,الدمام/ القصور,قطعة أرض-تجارى,7.34,city,medium,,,
الدمام,الدمام/ القصور,قطعة أرض-سكنى,0.81,district,high,0.81,0.0,2026.0
الدمام,الدمام/ المزروعية,قطعة أرض-تجارى,7.34,city,medium,,,
الدمام,الدمام/ المزروعية,قطعة أرض-سكنى,-7.65,district,high,-7.65,0.0,2026.0
الدمام,الدمام/ المنار,قطعة أرض-تجارى,7.34,city,medium,,,
الدمام,الدمام/ المنار,قطعة أرض-سكنى,-3.61,district,high,-3.61,0.0,2026.0
الدمام,الدمام/ المنتزة,قطعة أرض-تجارى,7.34,city,medium,,,
الدمام,الدمام/ المنتزة,قطعة أرض-سكنى,-12.46,district,high,-12.46,0.0,2026.0
الدمام,الدمام/ المنتزه,قطعة أرض-تجارى,-32.57,district,high,-32.57,0.0,2026.0
الدمام,الدمام/ المنتزه,قطعة أرض-سكنى,16.34,district,high,16.34,0.0,2026.0
الدمام,الدمام/ الميناء,قطعة أرض-تجارى,3.82,district,high,3.82,0.0,2026.0
الدمام,الدمام/ الميناء,قطعة أرض-سكنى,-0.38,district,high,-0.38,0.0,2026.0
الدمام,الدمام/ الناصرية,قطعة أرض-تجارى,7.34,city,medium,,,
الدمام,الدمام/ الناصرية,قطعة أرض-سكنى,-6.66,district,high,-6.66,0.0,2026.0
الدمام,الدمام/ النخيل,قطعة أرض-تجارى,7.34,city,medium,,,
الدمام,الدمام/ النخيل,قطعة أرض-سكنى,55.11,district,high,55.11,0.0,2026.0
الدمام,الدمام/ الندى,قطعة أرض-تجارى,-20.94,district,high,-20.94,0.0,2026.0
الدمام,الدمام/ الندى,قطعة أرض-سكنى,25.55,district,high,25.55,0.0,2026.0
الدمام,الدمام/ النهضة,قطعة أرض-تجارى,7.34,city,medium,,,
الدمام,الدمام/ النهضة,قطعة أرض-سكنى,5.33,district,high,5.33,0.0,2026.0
الدمام,الدمام/ النور,قطعة أرض-تجارى,-2.56,district,high,-2.56,0.0,2026.0
الدمام,الدمام/ النور,قطعة أرض-سكنى,7.86,district,high,7.86,0.0,2026.0
الدمام,الدمام/ النورس,قطعة أرض-تجارى,7.34,city,medium,,,
الدمام,الدمام/ النورس,قطعة أرض-سكنى,-10.03,district,high,-10.03,0.0,2026.0
الدمام,الدمام/ الواحة,قطعة أرض-تجارى,7.34,city,medium,,,
الدمام,الدمام/ الواحة,قطعة أرض-سكنى,7.4,city,medium,,,
الدمام,الدمام/ بدر,قطعة أرض-تجارى,7.34,city,medium,,,
الدمام,الدمام/ بدر,قطعة أرض-زراعي,0.0,default,low,,,
الدمام,الدمام/ بدر,قطعة أرض-سكنى,-8.0,district,high,-8.0,0.0,2026.0
الدمام,الدمام/ بن خلدون,قطعة أرض-تجارى,7.34,city,medium,,,
الدمام,الدمام/ بن خلدون,قطعة أرض-سكنى,13.48,district,high,13.48,0.0,2026.0
الدمام,الدمام/ شاطئ نصف القمر,قطعة أرض-تجارى,7.34,city,medium,,,
الدمام,الدمام/ شاطئ نصف القمر,قطعة أرض-سكنى,3.38,district,high,3.38,0.0,2026.0
الدمام,الدمام/ طيبة,قطعة أرض-تجارى,17.28,district,high,17.28,0.0,2026.0
الدمام,الدمام/ طيبة,قطعة أرض-زراعي,0.0,default,low,,,
الدمام,الدمام/ طيبة,قطعة أرض-سكنى,-9.23,district,high,-9.23,0.0,2026.0
الدمام,الدمام/ غرب الدمام,قطعة أرض-تجارى,-23.33,district,high,-23.33,0.0,2026.0
الدمام,الدمام/ غرب الدمام,قطعة أرض-زراعي,0.0,default,low,,,
الدمام,الدمام/ غرب الدمام,قطعة أرض-سكنى,-31.0,district,high,-31.0,0.0,2026.0
الدمام,الدمام/ غرناطة,قطعة أرض-تجارى,7.34,city,medium,,,
الدمام,الدمام/ غرناطة,قطعة أرض-زراعي,0.0,default,low,,,
الدمام,الدمام/ غرناطة,قطعة أرض-سكنى,-33.58,district,high,-33.58,0.0,2026.0
الدمام,الدمام/ مدينة العمال,قطعة أرض-تجارى,7.34,city,medium,,,
الدمام,الدمام/ مدينة العمال,قطعة أرض-سكنى,24.07,district,high,24.07,0.0,2026.0
الدمام,الدمام/ هجر,قطعة أرض-تجارى,7.34,city,medium,,,
الدمام,الدمام/ هجر,قطعة أرض-سكنى,-31.02,district,high,-31.02,0.0,2026.0
الدمام,الدمام/أخرى,قطعة أرض-تجارى,7.34,city,medium,,,
الدمام,الدمام/أخرى,قطعة أرض-سكنى,-4.35,district,high,-4.35,0.0,2026.0
الدمام,الدواسر,قطعة أرض-سكنى,7.4,city,medium,,,
الدمام,الراكة  الشمالية,قطعة أرض-سكنى,11.42,district,high,12.5,1.52,2022.0
الدمام,الراكة الجنوبية,قطعة أرض-سكنى,7.4,city,medium,,,
الدمام,الراكة الشمالية,قطعة أرض-سكنى,-22.17,district,high,-43.09,29.58,2020.0
الدمام,الربوة,قطعة أرض-سكنى,7.4,city,medium,,,
الدمام,الربيع,قطعة أرض-سكنى,-3.76,district,high,-3.76,0.0,2017.0
الدمام,الروضة,قطعة أرض-سكنى,14.53,district,high,41.2,23.57,2025.0
الدمام,الزهور,قطعة أرض-سكنى,-5.4,district,high,23.77,41.26,2025.0
الدمام,السوق,قطعة أرض-سكنى,7.4,city,medium,,,
الدمام,السيف,قطعة أرض-تجارى,12.89,district,high,14.74,2.62,2023.0
الدمام,السيف,قطعة أرض-سكنى,58.2,district,high,4.98,87.36,2026.0
الدمام,الشاطئ الشرقي,قطعة أرض-تجارى,8.82,district,high,8.82,0.0,2025.0
الدمام,الشاطئ الشرقي,قطعة أرض-سكنى,44.93,district,high,-1.19,65.22,2026.0
الدمام,الشاطى,قطعة أرض-سكنى,7.4,city,medium,,,
الدمام,الشعلة,قطعة أرض-تجارى,13.02,district,high,63.69,43.93,2025.0
الدمام,الشعلة,قطعة أرض-سكنى,-7.03,district,high,-10.0,15.24,2026.0
الدمام,الشعله,قطعة أرض-تجارى,30.27,district,high,-34.0,99.95,2019.0
الدمام,الشعله,قطعة أرض-سكنى,11.59,district,high,-8.65,54.7,2022.0
الدمام,الصدفة,قطعة أرض-تجارى,-6.72,district,high,-6.72,0.0,2020.0
الدمام,الصدفة,قطعة أرض-سكنى,27.85,district,high,-34.62,64.68,2023.0
الدمام,الصفا,قطعة أرض-سكنى,5.76,district,high,41.97,59.58,2025.0
الدمام,الصناعية,قطعة أرض-سكنى,7.4,city,medium,,,
الدمام,الصناعية الثانية,قطعة أرض-سكنى,7.4,city,medium,,,
الدمام,الضباب,قطعة أرض-سكنى,6.22,district,high,2.98,3.78,2025.0
الدمام,العدامة,قطعة أرض-سكنى,-15.19,district,high,-44.27,25.22,2025.0
الدمام,العدامه,قطعة أرض-سكنى,7.4,city,medium,,,
الدمام,العروبة,قطعة أرض-تجارى,7.34,city,medium,,,
الدمام,العروبة,قطعة أرض-سكنى,63.53,district,high,122.89,83.95,2025.0
الدمام,العزيزية,قطعة أرض-سكنى,-4.36,district,high,21.74,24.78,2021.0
الدمام,العمامرة,قطعة أرض-سكنى,7.4,city,medium,,,
الدمام,العنود,قطعة أرض-تجارى,7.34,city,medium,,,
الدمام,العنود,قطعة أرض-سكنى,10.23,district,high,10.23,0.0,2025.0
الدمام,الفرسان,قطعة أرض-تجارى,-6.21,district,high,22.05,39.97,2023.0
الدمام,الفرسان,قطعة أرض-سكنى,23.63,district,high,-30.3,55.77,2023.0
الدمام,الفيحاء,قطعة أرض-سكنى,32.78,district,high,131.43,85.54,2025.0
الدمام,الفيصلية,قطعة أرض-تجارى,-15.15,district,high,2.46,25.39,2023.0
الدمام,الفيصلية,قطعة أرض-سكنى,6.56,district,high,-1.52,7.69,2025.0
الدمام,القادسية,قطعة أرض-سكنى,16.59,district,high,39.0,20.11,2025.0
الدمام,القزاز,قطعة أرض-سكنى,7.4,city,medium,,,
الدمام,القصور,قطعة أرض-سكنى,4.72,district,high,0.0,5.02,2025.0
الدمام,القصور بالظهران,قطعة أرض-سكنى,7.4,city,medium,,,
الدمام,القيروان,قطعة أرض-سكنى,7.4,city,medium,,,
الدمام,المحمدية,قطعة أرض-سكنى,7.4,city,medium,,,
الدمام,المريكبات,قطعة أرض-تجارى,7.34,city,medium,,,
الدمام,المريكبات,قطعة أرض-سكنى,35.48,district,high,83.26,67.57,2025.0
الدمام,المزروعية,قطعة أرض-سكنى,-8.14,district,high,4.48,27.79,2022.0
الدمام,المنار,قطعة أرض-تجارى,58.86,district,high,48.39,107.29,2022.0
الدمام,المنار,قطعة أرض-سكنى,-1.11,district,high,0.06,2.28,2026.0
الدمام,المنتزة,قطعة أرض-تجارى,7.34,city,medium,,,
الدمام,المنتزة,قطعة أرض-سكنى,45.24,district,high,113.79,59.41,2025.0
الدمام,المنتزه,قطعة أرض-سكنى,21.51,district,high,51.15,25.95,2025.0
الدمام,الميناء,قطعة أرض-تجارى,-29.43,district,high,-29.43,0.0,2025.0
الدمام,الناصرية,قطعة أرض-سكنى,7.4,city,medium,,,
الدمام,النخيل,قطعة أرض-سكنى,-13.63,district,high,27.81,41.77,2025.0
الدمام,الندى,قطعة أرض-تجارى,44.11,district,high,135.66,79.67,2019.0
الدمام,الندى,قطعة أرض-سكنى,59.74,district,high,68.4,97.49,2026.0
الدمام,النزهة,قطعة أرض-سكنى,-3.47,district,high,4.64,8.66,2022.0
الدمام,النهضة,قطعة أرض-تجارى,7.34,city,medium,,,
الدمام,النهضة,قطعة أرض-سكنى,-1.14,district,high,27.78,37.64,2022.0
الدمام,النور,قطعة أرض-تجارى,10.92,district,high,-2.62,12.8,2023.0
الدمام,النور,قطعة أرض-سكنى,8.72,district,high,15.32,6.27,2026.0
الدمام,النورس,قطعة أرض-تجارى,7.34,city,medium,,,
الدمام,النورس,قطعة أرض-سكنى,7.4,city,medium,,,
الدمام,الواحة,قطعة أرض-تجارى,7.34,city,medium,,,
الدمام,الواحة,قطعة أرض-سكنى,50.38,district,high,50.38,0.0,2023.0
الدمام,بدر,قطعة أرض-سكنى,3.4,district,high,-16.22,20.36,2026.0
الدمام,ش د  1305,قطعة أرض-تجارى,7.34,city,medium,,,
الدمام,ش د  1305,قطعة أرض-سكنى,7.19,district,high,7.19,0.0,2020.0
الدمام,ش د 1088,قطعة أرض-تجارى,7.34,city,medium,,,
الدمام,ش د 1088,قطعة أرض-سكنى,7.4,city,medium,,,
الدمام,ش د 1117,قطعة أرض-تجارى,29.83,district,high,6.65,20.08,2023.0
الدمام,ش د 1117,قطعة أرض-سكنى,24.03,district,high,51.03,49.25,2022.0
الدمام,ش د 1531,قطعة أرض-تجارى,7.34,city,medium,,,
الدمام,ش د 1531,قطعة أرض-سكنى,7.4,city,medium,,,
الدمام,ش د1496,قطعة أرض-سكنى,7.4,city,medium,,,
الدمام,ش.د 1015,قطعة أرض-تجارى,7.34,city,medium,,,
الدمام,ش.د 1015,قطعة أرض-سكنى,73.87,district,high,62.77,80.56,2020.0
الدمام,ش.د 1080,قطعة أرض-سكنى,7.4,city,medium,,,
الدمام,شاطئ نصف القمر,قطعة أرض-سكنى,45.6,district,high,-30.01,106.94,2022.0
الدمام,ضاحية الملك فهد,قطعة أرض-تجارى,15.55,district,high,2.55,11.85,2023.0
الدمام,ضاحية الملك فهد,قطعة أرض-سكنى,15.47,district,high,-1.96,16.01,2023.0
الدمام,طيبة,قطعة أرض-تجارى,6.53,district,high,-40.06,47.56,2025.0
الدمام,طيبة,قطعة أرض-سكنى,-4.96,district,high,-13.45,32.46,2026.0
الدمام,عبدالله فؤاد,قطعة أرض-سكنى,-11.53,district,high,-11.53,0.0,2022.0
الدمام,غرب الدمام,قطعة أرض-تجارى,31.22,district,high,38.55,10.38,2021.0
الدمام,غرب الدمام,قطعة أرض-سكنى,25.04,district,high,22.79,26.23,2025.0
الدمام,غرب الفيصلية,قطعة أرض-سكنى,33.71,district,high,33.71,0.0,2022.0
الدمام,غرناطة,قطعة أرض-سكنى,8.98,district,high,19.97,21.31,2026.0
الدمام,محمد بن سعود,قطعة أرض-سكنى,7.4,city,medium,,,
الدمام,مدينة العمال,قطعة أرض-سكنى,9.48,district,high,22.35,19.04,2025.0
الدمام,هجر,قطعة أرض-سكنى,19.02,district,high,29.41,9.78,2025.0
الظهران,أخرى,قطعة أرض-سكنى,82.82,city,medium,,,
الظهران,الدوحة الجنوبية,قطعة أرض-سكنى,-4.23,district,high,-4.23,0.0,2026.0
الظهران,الظهران,قطعة أرض-سكنى,82.82,city,medium,,,
الظهران,الظهران/ الدوحة الجنوبية,قطعة أرض-سكنى,-4.23,district,high,-4.23,0.0,2026.0
الظهران,الظهران/ الظهران,قطعة أرض-تجارى,1.48,city,medium,,,
الظهران,الظهران/ الظهران,قطعة أرض-سكنى,82.82,city,medium,,,
الظهران,الظهران/ الوسام,قطعة أرض-تجارى,1.48,city,medium,,,
الظهران,الظهران/ صناعية الظهران,قطعة أرض-تجارى,0.97,district,high,2.27,2.78,2026.0
الظهران,الظهران/ صناعية الظهران,قطعة أرض-سكنى,21.92,district,high,-4.49,37.35,2026.0
الظهران,شمال الظهران,قطعة أرض-سكنى,82.82,city,medium,,,
الظهران,صناعية الظهران,قطعة أرض-سكنى,82.82,city,medium,,,
